,Degree,Excentricidad,Diametro,Radio,Camino más corto promedio,Transitividad,Eficiencia Global,Rich Club Coefficient,Core Ratio,Central Point Dominance,Spectral radius,Modularidad
0,3.3785714285714286,5.4,6,4,3.8616231438812085,0.030827474310438075,0.2859583546681775,0.012109575012800819,0.5035714285714286,0.14880285371368845,1.9131226251677558,
